the brownie scouts at windmill farm word,the brownie scouts at windmill farm count
the, 2420
to, 921
a, 707
she, 595
and, 557
of, 507
vevi, 502
i, 500
in, 440
it, 384
that, 371
her, 357
you, 355
hanny, 332
had, 324
was, 309
he, 261
not, 256
is, 252
for, 245
they, 226
have, 220
mrs, 220
said, 213
at, 210
connie, 207
mr, 201
with, 201
be, 198
miss, 195
on, 194
will, 188
were, 172
bulbs, 168
as, 157
so, 154
we, 152
tulip, 143
would, 142
brownies, 138
now, 131
up, 129
me, 127
little, 125
are, 123
do, 123
them, 123
all, 122
but, 116
this, 112
der, 110
van, 110
very, 110
my, 109
girls, 107
mohr, 107
did, 106
tulips, 106
could, 105
jane, 105
gabriel, 104
lann, 101
one, 101
about, 100
what, 100
brownie, 99
then, 98
from, 97
peter, 97
been, 96
into, 96
if, 95
asked, 94
his, 94
piff, 94
see, 91
out, 90
their, 89
too, 89
gordon, 88
flower, 87
no, 87
show, 87
uncle, 87
when, 82
by, 79
there, 79
why, 78
or, 77
like, 73
declared, 71
can, 69
down, 68
farm, 68
our, 67
oh, 66
told, 66
only, 64
has, 63
other, 61
come, 60
here, 60
time, 60
children, 59
girl, 59
must, 59
your, 59
away, 58
who, 58
dont, 57
him, 57
mattox, 57
an, 56
know, 56
after, 55
house, 55
make, 55
went, 54
bag, 53
boat, 53
car, 53
over, 53
think, 52
replied, 51
want, 51
windmill, 51
came, 50
get, 50
go, 50
golden, 50
flowers, 49
never, 49
well, 49
rosedale, 48
back, 47
how, 47
which, 47
its, 46
just, 46
much, 46
tell, 46
bed, 45
exclaimed, 45
home, 45
langley, 45
off, 45
where, 45
again, 44
many, 44
right, 44
two, 44
any, 43
before, 43
cried, 43
made, 43
may, 42
library, 41
more, 41
though, 41
thought, 40
going, 39
take, 39
say, 38
shoes, 38
first, 37
room, 37
should, 37
am, 36
im, 36
some, 36
us, 36
door, 35
however, 35
maybe, 35
next, 35
nurseryman, 35
saw, 35
than, 35
beauty, 34
look, 34
sunny, 34
added, 33
everyone, 33
good, 33
rosemary, 33
scout, 33
even, 32
canal, 31
garden, 31
money, 31
plant, 31
water, 31
because, 30
knew, 30
man, 30
moment, 30
old, 30
place, 30
began, 29
let, 29
name, 29
while, 29
woman, 29
big, 28
dutch, 28
ill, 28
quickly, 28
ride, 28
something, 28
such, 28
wooden, 28
blue, 27
demanded, 27
open, 27
prize, 27
scouts, 27
way, 27
didnt, 26
dog, 26
fast, 26
kept, 26
laughed, 26
nice, 26
noticed, 26
toward, 26
best, 25
festival, 25
seen, 25
started, 25
youre, 25
along, 24
called, 24
holland, 24
librarian, 24
long, 24
most, 24
nearly, 24
seemed, 24
shoe, 24
agreed, 23
another, 23
bloom, 23
explained, 23
help, 23
large, 23
special, 23
spoke, 23
wind, 23
yes, 23
few, 22
heard, 22
inquired, 22
keep, 22
once, 22
put, 22
ribbon, 22
barn, 21
each, 21
hard, 21
insisted, 21
remarked, 21
until, 21
anyone, 20
beautiful, 20
both, 20
chapter, 20
give, 20
soon, 20
these, 20
wish, 20
cant, 19
cart, 19
coming, 19
gave, 19
great, 19
guess, 19
hand, 19
inside, 19
looked, 19
part, 19
ran, 19
stood, 19
sure, 19
talk, 19
those, 19
trying, 19
wouldnt, 19
always, 18
country, 18
every, 18
find, 18
hear, 18
isnt, 18
leave, 18
lets, 18
meeting, 18
might, 18
mill, 18
nursery, 18
promoter, 18
secret, 18
sell, 18
set, 18
trouble, 18
wait, 18
wanted, 18
better, 17
bulb, 17
ever, 17
friends, 17
gone, 17
last, 17
mcguire, 17
mother, 17
past, 17
people, 17
plants, 17
ready, 17
small, 17
thats, 17
turn, 17
work, 17
afraid, 16
announced, 16
culls, 16
day, 16
does, 16
especially, 16
estate, 16
left, 16
mean, 16
own, 16
promised, 16
rain, 16
rather, 16
run, 16
street, 16
took, 16
turned, 16
answer, 15
answered, 15
ask, 15
beside, 15
far, 15
langleys, 15
locked, 15
minutes, 15
offered, 15
questioned, 15
stopped, 15
talked, 15
thing, 15
three, 15
walk, 15
week, 15
without, 15
wonderful, 15
around, 14
call, 14
digging, 14
empty, 14
enough, 14
gabriels, 14
hannys, 14
ive, 14
late, 14
leader, 14
lost, 14
making, 14
matter, 14
milk, 14
nothing, 14
ones, 14
paper, 14
really, 14
stop, 14
troop, 14
urged, 14
word, 14
year, 14
yet, 14
ahead, 13
anything, 13
being, 13
building, 13
cheese, 13
commercial, 13
dear, 13
deep, 13
drove, 13
everything, 13
eyes, 13
fall, 13
finally, 13
fine, 13
group, 13
having, 13
hope, 13
order, 13
organization, 13
pay, 13
planted, 13
police, 13
several, 13
someone, 13
spring, 13
still, 13
suddenly, 13
things, 13
truck, 13
true, 13
try, 13
understand, 13
win, 13
window, 13
wont, 13
affair, 12
attention, 12
booth, 12
carefully, 12
couple, 12
done, 12
felt, 12
field, 12
fields, 12
high, 12
id, 12
least, 12
light, 12
moved, 12
property, 12
same, 12
sorry, 12
surprise, 12
through, 12
walked, 12
whispered, 12
brought, 11
business, 11
cannot, 11
carried, 11
close, 11
decided, 11
deeply, 11
directly, 11
doing, 11
dollars, 11
either, 11
except, 11
face, 11
faster, 11
fertilizer, 11
forget, 11
friend, 11
gasped, 11
greenhouse, 11
held, 11
hurry, 11
looking, 11
love, 11
minute, 11
pick, 11
question, 11
questions, 11
reached, 11
says, 11
shook, 11
speculated, 11
stock, 11
story, 11
taken, 11
talking, 11
train, 11
tried, 11
upon, 11
voice, 11
watch, 11
wrong, 11
almost, 10
anxiously, 10
anyway, 10
arm, 10
automobile, 10
bruno, 10
carrying, 10
club, 10
color, 10
corrected, 10
couldnt, 10
deal, 10
doesnt, 10
found, 10
fun, 10
gray, 10
ground, 10
head, 10
invited, 10
mind, 10
padlock, 10
peters, 10
picked, 10
president, 10
promise, 10
short, 10
shouted, 10
stand, 10
stay, 10
stranger, 10
suppose, 10
teased, 10
town, 10
watching, 10
whats, 10
women, 10
won, 10
words, 10
yellow, 10
already, 9
america, 9
arms, 9
bags, 9
beauties, 9
behind, 9
bouquet, 9
bouquets, 9
busy, 9
buy, 9
choice, 9
during, 9
eager, 9
eagerly, 9
earlier, 9
feet, 9
friendly, 9
front, 9
given, 9
judges, 9
lanns, 9
learn, 9
leaving, 9
lovely, 9
means, 9
men, 9
mine, 9
new, 9
pretty, 9
proposed, 9
public, 9
pulled, 9
quiet, 9
quite, 9
return, 9
school, 9
seem, 9
shouldnt, 9
table, 9
telling, 9
together, 9
tools, 9
used, 9
walking, 9
white, 9
across, 8
admitted, 8
ago, 8
also, 8
anywhere, 8
apologized, 8
assured, 8
became, 8
bought, 8
box, 8
cakes, 8
canvas, 8
cars, 8
conversation, 8
directed, 8
doorway, 8
dropped, 8
dumped, 8
else, 8
fence, 8
folks, 8
gathered, 8
growers, 8
hat, 8
heavy, 8
hour, 8
housekeeper, 8
idea, 8
important, 8
intended, 8
land, 8
later, 8
night, 8
others, 8
pellets, 8
perhaps, 8
plans, 8
real, 8
returned, 8
rolled, 8
sat, 8
saying, 8
shes, 8
single, 8
smiled, 8
speak, 8
suggested, 8
tall, 8
thinking, 8
times, 8
tiny, 8
tired, 8
today, 8
tomorrow, 8
use, 8
vevis, 8
watched, 8
wife, 8
world, 8
worried, 8
worth, 8
youll, 8
young, 8
arent, 7
argued, 7
break, 7
candy, 7
cans, 7
catch, 7
caught, 7
certain, 7
climbed, 7
costumes, 7
count, 7
covered, 7
different, 7
dig, 7
enter, 7
everywhere, 7
finished, 7
firmly, 7
floor, 7
followed, 7
four, 7
gardens, 7
gate, 7
getting, 7
grounds, 7
grow, 7
guessed, 7
hands, 7
helped, 7
indeed, 7
instead, 7
knows, 7
lived, 7
looks, 7
lose, 7
mixed, 7
move, 7
myself, 7
need, 7
odd, 7
often, 7
opened, 7
petals, 7
picking, 7
please, 7
plump, 7
pointed, 7
policeman, 7
price, 7
protested, 7
quick, 7
red, 7
repeated, 7
scheme, 7
second, 7
shall, 7
start, 7
taking, 7
ten, 7
theyre, 7
trip, 7
tussie-mussie, 7
tuttle, 7
under, 7
waiting, 7
advised, 6
afternoon, 6
annoyed, 6
anyhow, 6
asking, 6
beanie, 6
blooms, 6
bridge, 6
bright, 6
bring, 6
broken, 6
cause, 6
cents, 6
ceremony, 6
child, 6
chuckled, 6
church, 6
course, 6
cut, 6
darted, 6
davidson, 6
days, 6
diamonds, 6
dressed, 6
driver, 6
end, 6
exactly, 6
excitement, 6
fairly, 6
fbi, 6
feel, 6
five, 6
fortune, 6
gold, 6
grass, 6
half, 6
happened, 6
happy, 6
hay, 6
hes, 6
immediately, 6
interest, 6
jail, 6
keeps, 6
lady, 6
liked, 6
listening, 6
lunch, 6
mattoxes, 6
meant, 6
mention, 6
morning, 6
named, 6
noticing, 6
office, 6
outside, 6
owl, 6
peering, 6
pin, 6
play, 6
potted, 6
pull, 6
regular, 6
reported, 6
road, 6
rows, 6
sack, 6
scattered, 6
showed, 6
side, 6
slowly, 6
soberly, 6
starting, 6
startled, 6
stored, 6
takes, 6
valuable, 6
view, 6
wasnt, 6
wedding, 6
within, 6
wonder, 6
working, 6
yard, 6
against, 5
angry, 5
arranged, 5
attend, 5
auditorium, 5
bank, 5
besides, 5
between, 5
bit, 5
blocks, 5
book, 5
bottom, 5
breath, 5
cab, 5
care, 5
carelessly, 5
center, 5
chance, 5
circular, 5
comes, 5
corner, 5
cover, 5
curb, 5
customer, 5
dark, 5
dead, 5
decide, 5
detective, 5
developed, 5
direction, 5
drive, 5
drop, 5
dug, 5
dutchman, 5
early, 5
easy, 5
edge, 5
em, 5
ended, 5
entire, 5
evans, 5
excited, 5
expected, 5
foot, 5
gathering, 5
glad, 5
glanced, 5
growing, 5
herself, 5
hey, 5
hold, 5
holding, 5
hole, 5
homes, 5
hoot, 5
hundreds, 5
hurt, 5
imported, 5
instructed, 5
join, 5
joseph, 5
known, 5
laugh, 5
lazily, 5
learned, 5
lot, 5
low, 5
magic, 5
mary, 5
members, 5
mistake, 5
neither, 5
nervously, 5
nevertheless, 5
nicer, 5
niece, 5
nodded, 5
nor, 5
onions, 5
ordered, 5
painted, 5
paused, 5
paying, 5
persons, 5
piffs, 5
pink, 5
plan, 5
planting, 5
pocket, 5
pointing, 5
politely, 5
purpose, 5
rate, 5
relief, 5
revealed, 5
ring, 5
roof, 5
ruined, 5
runaway, 5
safe, 5
seat, 5
selling, 5
shelves, 5
shortly, 5
sight, 5
smile, 5
sold, 5
sort, 5
sped, 5
splashed, 5
station, 5
stiff, 5
strange, 5
stubborn, 5
success, 5
surprised, 5
tears, 5
treasure, 5
trees, 5
twenty, 5
uniform, 5
varieties, 5
waited, 5
wall, 5
warned, 5
wear, 5
worked, 5
worry, 5
able, 4
add, 4
air, 4
among, 4
appeared, 4
appointment, 4
arrest, 4
aside, 4
awhile, 4
become, 4
beds, 4
bend, 4
bent, 4
books, 4
braids, 4
breakfast, 4
cake, 4
carry, 4
certainly, 4
change, 4
changed, 4
checking, 4
chocolate, 4
choose, 4
city, 4
coat, 4
commented, 4
complained, 4
contest, 4
countries, 4
curiously, 4
dashed, 4
dirt, 4
display, 4
doubt, 4
dress, 4
driving, 4
drugstore, 4
echoed, 4
eight, 4
elf, 4
elves, 4
emphatically, 4
english, 4
enjoyed, 4
entered, 4
entering, 4
entirely, 4
exact, 4
examining, 4
exchange, 4
fact, 4
fair, 4
fancy, 4
figures, 4
fingers, 4
free, 4
fresh, 4
frightened, 4
gaze, 4
giving, 4
glancing, 4
goodbye, 4
green, 4
grower, 4
hadnt, 4
halted, 4
hastily, 4
havent, 4
huge, 4
hung, 4
impatiently, 4
impressed, 4
invested, 4
judging, 4
kitchen, 4
lay, 4
leaking, 4
leaped, 4
led, 4
life, 4
likes, 4
lines, 4
live, 4
longer, 4
loud, 4
luggage, 4
main, 4
makes, 4
manner, 4
meetings, 4
merely, 4
met, 4
muttered, 4
mystery, 4
near, 4
neat, 4
needed, 4
nervous, 4
north, 4
nurserymen, 4
objects, 4
obtained, 4
officers, 4
okay, 4
onto, 4
ought, 4
package, 4
parrot, 4
party, 4
pass, 4
passengers, 4
path, 4
perfect, 4
person, 4
piece, 4
pleaded, 4
pleased, 4
plot, 4
possibly, 4
poster, 4
probably, 4
proudly, 4
puppet, 4
pushed, 4
raining, 4
rapidly, 4
read, 4
realized, 4
reassured, 4
reins, 4
remained, 4
reminded, 4
rescue, 4
returning, 4
rounded, 4
ruin, 4
running, 4
sale, 4
sand, 4
scarcely, 4
scene, 4
sedan, 4
seeing, 4
seek, 4
sent, 4
setting, 4
shining, 4
shipment, 4
sighed, 4
silly, 4
six, 4
slid, 4
slipped, 4
smiling, 4
soft, 4
sometimes, 4
sound, 4
speaking, 4
spied, 4
stalled, 4
stick, 4
stopping, 4
straight, 4
stripe, 4
stupid, 4
summer, 4
sun, 4
supposed, 4
suspect, 4
taxi, 4
thank, 4
throw, 4
thrown, 4
tommy, 4
turning, 4
uniforms, 4
unless, 4
using, 4
veranda, 4
visit, 4
visitors, 4
walls, 4
wandered, 4
wants, 4
warm, 4
weight, 4
wet, 4
weve, 4
windows, 4
wins, 4
wood, 4
wore, 4
yours, 4
absently, 3
acres, 3
act, 3
adjoining, 3
alertly, 3
alone, 3
amazed, 3
amazement, 3
amount, 3
angrily, 3
announcement, 3
arrange, 3
arrested, 3
arrived, 3
astonished, 3
astonishment, 3
attended, 3
award, 3
badly, 3
becoming, 3
believe, 3
belonged, 3
bewildered, 3
bird, 3
birds, 3
blow, 3
boys, 3
brakes, 3
breathlessly, 3
bridal, 3
broke, 3
brown, 3
bud, 3
calling, 3
cap, 3
charge, 3
cheap, 3
cherry-rose, 3
clean, 3
clear, 3
closer, 3
colored, 3
colors, 3
command, 3
commission, 3
community, 3
connies, 3
contents, 3
convinced, 3
cost, 3
cows, 3
craft, 3
cross, 3
crossly, 3
culvert, 3
curious, 3
customers, 3
damage, 3
darkened, 3
debts, 3
delft, 3
delightful, 3
develop, 3
devoted, 3
difficult, 3
disappointed, 3
discovered, 3
dishes, 3
dollar, 3
drew, 3
drift, 3
drifted, 3
driveway, 3
dropping, 3
drops, 3
dust, 3
engine, 3
examined, 3
excitedly, 3
exciting, 3
exhibits, 3
explain, 3
farther, 3
father, 3
feather, 3
fed, 3
federal, 3
feeling, 3
fifty, 3
filled, 3
finish, 3
flop, 3
following, 3
footbridge, 3
force, 3
forgetting, 3
forgotten, 3
forward, 3
fountain, 3
freda, 3
fritche, 3
full, 3
fully, 3
further, 3
garage, 3
giggle, 3
glass, 3
goes, 3
got, 3
grade, 3
grasped, 3
grinned, 3
grown, 3
handkerchief, 3
happily, 3
haste, 3
haul, 3
hauled, 3
hayloft, 3
heavily, 3
hello, 3
himself, 3
hopefully, 3
hot, 3
hurrying, 3
hush, 3
imagine, 3
informed, 3
instant, 3
interested, 3
investigating, 3
invitation, 3
jacket, 3
janes, 3
job, 3
joining, 3
jumped, 3
keeping, 3
kind, 3
knees, 3
laid, 3
lawn, 3
leaky, 3
length, 3
less, 3
letters, 3
lift, 3
liking, 3
lined, 3
listened, 3
loads, 3
loyally, 3
markings, 3
mechanism, 3
meet, 3
million, 3
mirror, 3
narrow, 3
nearby, 3
neatly, 3
neck, 3
netherlands, 3
nicely, 3
nicest, 3
nickels, 3
oars, 3
obtain, 3
oclock, 3
offer, 3
older, 3
overhead, 3
paid, 3
pair, 3
pansies, 3
parade, 3
passed, 3
patience, 3
pennies, 3
perfectly, 3
permission, 3
petal, 3
pinned, 3
plain, 3
planned, 3
plenty, 3
polite, 3
pool, 3
precious, 3
prepared, 3
presently, 3
pressed, 3
printed, 3
procession, 3
promoters, 3
promptly, 3
proposition, 3
proves, 3
pumping, 3
putting, 3
quietly, 3
raising, 3
raked, 3
reading, 3
reason, 3
recalling, 3
recited, 3
recovered, 3
rejoined, 3
relate, 3
related, 3
rembrandt, 3
request, 3
rest, 3
revolving, 3
ribbons, 3
rice, 3
rich, 3
riding, 3
roadside, 3
rode, 3
rolling, 3
round, 3
sailing, 3
save, 3
scold, 3
seeds, 3
separate, 3
shallow, 3
sharp, 3
shore, 3
shoulder, 3
showing, 3
shut, 3
size, 3
skirt, 3
slip, 3
slow, 3
smuggling, 3
snagged, 3
snapped, 3
snatched, 3
soil, 3
sought, 3
south, 3
spaded, 3
spoken, 3
stayed, 3
stems, 3
steps, 3
stolen, 3
straightened, 3
suit, 3
sweet, 3
swept, 3
swung, 3
tailor, 3
telephoned, 3
temper, 3
themselves, 3
thoroughly, 3
tossed, 3
turns, 3
twice, 3
twist, 3
type, 3
types, 3
uncles, 3
uncomfortable, 3
uncut, 3
understanding, 3
uneasily, 3
usual, 3
variety, 3
ware, 3
warmly, 3
waters, 3
ways, 3
wed, 3
wednesday, 3
whether, 3
whistle, 3
williams, 3
wistfully, 3
workmen, 3
years, 3
yesterday, 3
youd, 3
yourself, 3
, 2
abandoned, 2
above, 2
according, 2
accounting, 2
accusation, 2
accuse, 2
acknowledged, 2
acquainted, 2
acted, 2
activities, 2
actually, 2
address, 2
admiring, 2
admission, 2
adults, 2
advertise, 2
africa, 2
age, 2
agree, 2
allow, 2
allowed, 2
aloud, 2
american, 2
animals, 2
annoyance, 2
annual, 2
apiece, 2
appear, 2
appearing, 2
approaching, 2
arithmetic, 2
asserted, 2
assist, 2
association, 2
attending, 2
attentively, 2
attract, 2
bad, 2
bade, 2
basket, 2
begun, 2
beheld, 2
belongs, 2
bestowed, 2
bet, 2
bigger, 2
black, 2
block, 2
blossoms, 2
blowing, 2
blown, 2
boards, 2
boats, 2
bore, 2
breeze, 2
bridesmaids, 2
businessmen, 2
buying, 2
capture, 2
cardboard, 2
careful, 2
cash, 2
caused, 2
celebration, 2
chamber, 2
character, 2
charming, 2
chatted, 2
cheerfully, 2
churn, 2
circus, 2
clamped, 2
closed, 2
closely, 2
coats, 2
coins, 2
commerce, 2
companions, 2
complete, 2
completed, 2
congratulations, 2
considered, 2
contained, 2
contributed, 2
cottage, 2
couch, 2
counts, 2
covering, 2
crack, 2
crate, 2
crazy, 2
crowd, 2
cry, 2
crying, 2
curled, 2
current, 2
custom, 2
dancing, 2
dart, 2
date, 2
dealer, 2
debt, 2
decision, 2
decorate, 2
decorated, 2
delighted, 2
delivered, 2
delivery, 2
denied, 2
depend, 2
depends, 2
describe, 2
desperately, 2
difference, 2
dipped, 2
direct, 2
disagreeable, 2
discover, 2
displayed, 2
distance, 2
distress, 2
distressed, 2
ditches, 2
doggie, 2
dogs, 2
doors, 2
dopes, 2
double, 2
doubtfully, 2
dozen, 2
dreadful, 2
dreadfully, 2
earth, 2
east, 2
eat, 2
effect, 2
elaborate, 2
enjoying, 2
event, 2
expectant, 2
explaining, 2
extremely, 2
fail, 2
failed, 2
family, 2
fastened, 2
fat, 2
fault, 2
favor, 2
fear, 2
fearing, 2
fetch, 2
final, 2
finest, 2
fish, 2
fit, 2
flaps, 2
flew, 2
float, 2
floated, 2
flooded, 2
fly, 2
flying, 2
follow, 2
fool, 2
foolishness, 2
foreign, 2
forgot, 2
forth, 2
fourth, 2
fragrant, 2
frighten, 2
frosted, 2
fund, 2
furniture, 2
fuss, 2
gazed, 2
gazing, 2
glance, 2
glaring, 2
god, 2
goldfish, 2
gorgeous, 2
gown, 2
grains, 2
grandmother, 2
greatly, 2
groaning, 2
grownups, 2
gutter, 2
hair, 2
hall, 2
handful, 2
handle, 2
happening, 2
hardly, 2
harm, 2
harvest, 2
hasnt, 2
hastened, 2
haymow, 2
hearing, 2
hedges, 2
hers, 2
hesitated, 2
hick, 2
higher, 2
highly, 2
highway, 2
hike, 2
hiked, 2
hint, 2
hired, 2
history, 2
homeland, 2
honeymoon, 2
hooted, 2
hopes, 2
hoping, 2
housework, 2
huddled, 2
humor, 2
hundred, 2
hungry, 2
hurrah, 2
hurried, 2
husband, 2
ideas, 2
ignored, 2
including, 2
indignantly, 2
information, 2
instructions, 2
intend, 2
interesting, 2
investigator, 2
investiture, 2
investment, 2
invite, 2
irrigation, 2
ja, 2
jackets, 2
joke, 2
joking, 2
judged, 2
kabouters, 2
kermis, 2
key, 2
kindly, 2
knowing, 2
ladder, 2
laden, 2
largest, 2
latter, 2
laughing, 2
leads, 2
legs, 2
librarians, 2
listen, 2
living, 2
load, 2
loft, 2
lots, 2
lying, 2
machinery, 2
managed, 2
manners, 2
marked, 2
married, 2
mass, 2
measure, 2
mentioned, 2
mess, 2
message, 2
miles, 2
minister, 2
missed, 2
missing, 2
months, 2
mostly, 2
mothers, 2
motto, 2
mud, 2
murmured, 2
muscle, 2
mustnt, 2
mysterious, 2
names, 2
nap, 2
nature, 2
news, 2
none, 2
notice, 2
nowhere, 2
numerals, 2
observed, 2
occasion, 2
opening, 2
opposed, 2
opposite, 2
orders, 2
ours, 2
outskirts, 2
owner, 2
pairs, 2
pans, 2
particular, 2
particularly, 2
passing, 2
paste, 2
pasted, 2
patterns, 2
pavement, 2
peered, 2
pellet, 2
penny, 2
period, 2
pew, 2
pieces, 2
piled, 2
placed, 2
plainly, 2
plantings, 2
played, 2
playlet, 2
pleasure, 2
plums, 2
pocketbook, 2
point, 2
pointedly, 2
pond, 2
possibilities, 2
poured, 2
prefer, 2
preparing, 2
pretend, 2
prettier, 2
prevent, 2
prices, 2
profitable, 2
project, 2
proper, 2
protected, 2
protest, 2
provided, 2
pulleys, 2
pulling, 2
pump, 2
pure, 2
purple, 2
push, 2
questioning, 2
race, 2
raced, 2
reach, 2
reaching, 2
receive, 2
recover, 2
refreshments, 2
refuse, 2
refused, 2
regret, 2
relieved, 2
reluctantly, 2
remember, 2
repeatedly, 2
represented, 2
resembled, 2
rhyme, 2
rise, 2
roadway, 2
rope, 2
rubbed, 2
rude, 2
rush, 2
rushed, 2
sabots, 2
sacks, 2
sad, 2
sails, 2
satisfied, 2
saving, 2
savings, 2
scents, 2
schultz, 2
scoffed, 2
scolded, 2
scrambled, 2
screamed, 2
sea, 2
search, 2
season, 2
section, 2
seed, 2
seems, 2
seized, 2
send, 2
separated, 2
serve, 2
seven, 2
severely, 2
sh, 2
shadowy, 2
shake, 2
sharply, 2
sheet, 2
shelf, 2
shell, 2
sheriff, 2
shirt, 2
shot, 2
shown, 2
shrugged, 2
sift, 2
sign, 2
signs, 2
silence, 2
similar, 2
since, 2
sink, 2
sit, 2
skirts, 2
sky, 2
slight, 2
slightly, 2
slope, 2
slowing, 2
smart, 2
smell, 2
solid, 2
someday, 2
somewhere, 2
sounded, 2
speculating, 2
spirits, 2
spot, 2
stage, 2
stamped, 2
standing, 2
stands, 2
steady, 2
steaming, 2
stem, 2
stepped, 2
stockings, 2
stone, 2
stones, 2
store, 2
straw, 2
strip, 2
strong, 2
struck, 2
stubby, 2
studying, 2
sugar, 2
suitable, 2
suspicion, 2
suspiciously, 2
sweet-smelling, 2
switch, 2
switched, 2
tape, 2
teacher, 2
tease, 2
thanked, 2
thanks, 2
therefore, 2
theres, 2
theyll, 2
thinks, 2
thirteen, 2
thousand, 2
throng, 2
tickets, 2
tied, 2
tight, 2
tonight, 2
torpedo, 2
toss, 2
touch, 2
townspeople, 2
treat, 2
trespass, 2
trick, 2
trooped, 2
trotted, 2
troubled, 2
troubles, 2
trowel, 2
trudged, 2
trusted, 2
tub, 2
tubs, 2
tulip-o-mania, 2
twinkling, 2
umbrella, 2
unfair, 2
unhappy, 2
unloaded, 2
unpleasant, 2
untied, 2
useless, 2
uttered, 2
various, 2
visited, 2
visitor, 2
vote, 2
wake, 2
watering, 2
waved, 2
weeks, 2
welcome, 2
whatever, 2
wheel, 2
wheels, 2
whipping, 2
whirled, 2
wiped, 2
womans, 2
wondering, 2
worse, 2
worthless, 2
worthwhile, 2
wrecking, 2
yelled, 2
yourselves, 2
youve, 2
1, 1
10, 1
11, 1
12, 1
13, 1
14, 1
15, 1
16, 1
1634, 1
17, 1
18, 1
19, 1
2, 1
20, 1
3, 1
4, 1
5, 1
67543, 1
8, 1
9, 1
abandoning, 1
ablaze, 1
aboard, 1
abroad, 1
abruptly, 1
absence, 1
accelerator, 1
accent, 1
accepted, 1
accident, 1
accidental, 1
accommodate, 1
accompany, 1
accomplished, 1
accusations, 1
accused, 1
accusing, 1
accusingly, 1
acquaintance, 1
acting, 1
action, 1
active, 1
addition, 1
admiration, 1
admired, 1
admit, 1
adventures, 1
advertised, 1
advertising, 1
advice, 1
affairs, 1
affectionate, 1
afford, 1
afoot, 1
aged, 1
agent, 1
ages, 1
agile, 1
aging, 1
aided, 1
aisle, 1
aisles, 1
ajar, 1
alarm, 1
alarmed, 1
alight, 1
alike, 1
allowing, 1
alongshore, 1
although, 1
amateur, 1
amazing, 1
ambled, 1
amended, 1
amounted, 1
amsterdam, 1
anger, 1
angered, 1
annoy, 1
anti-climax, 1
apparently, 1
applied, 1
approached, 1
approval, 1
approved, 1
apron, 1
argument, 1
armful, 1
armfuls, 1
aroused, 1
arranging, 1
arrival, 1
arrive, 1
arrogance, 1
articles, 1
artificial, 1
artistic, 1
ashley, 1
ashore, 1
asleep, 1
assault, 1
assented, 1
assessment, 1
assign, 1
assigned, 1
assisting, 1
assure, 1
asters, 1
ate, 1
attendance, 1
attentive, 1
attracted, 1
attraction, 1
attractive, 1
automobiles, 1
awaited, 1
awake, 1
awarded, 1
awful, 1
awkward, 1
awoke, 1
b, 1
backed, 1
background, 1
backing, 1
backwards, 1
baden-powell, 1
bagful, 1
bailing, 1
bake, 1
baked, 1
baking, 1
ball, 1
balls, 1
band, 1
banged, 1
banging, 1
bar, 1
bare, 1
barely, 1
base, 1
basement, 1
basin, 1
beach, 1
beamed, 1
beanies, 1
bear, 1
bearer, 1
bearing, 1
beat, 1
beautifully, 1
beginning, 1
begone, 1
behaved, 1
belated, 1
belongings, 1
beloved, 1
below, 1
belt, 1
bench, 1
beneath, 1
berated, 1
beyond, 1
biggest, 1
billfold, 1
bins, 1
bite, 1
bitterly, 1
blank, 1
blanket, 1
blazed, 1
blessing, 1
blinking, 1
blissfully, 1
blocked, 1
blocking, 1
blood, 1
bloomed, 1
bloomer, 1
blouse, 1
boarded, 1
boating, 1
boiling, 1
bolted, 1
bone, 1
boom, 1
boomed, 1
bored, 1
boss, 1
boundary, 1
bounded, 1
bowed, 1
boy, 1
brace, 1
brake, 1
branches, 1
breaking, 1
breathing, 1
breathless, 1
bride, 1
brilliant, 1
bringing, 1
briskly, 1
brother, 1
brush, 1
brushed, 1
build, 1
bumped, 1
bunting, 1
burden, 1
bureau, 1
burst, 1
bursting, 1
burying, 1
bus, 1
bushes, 1
businessman, 1
butter, 1
butterscotch, 1
buys, 1
caller, 1
calls, 1
candies, 1
canvas-arms, 1
canvas-covered, 1
capricious, 1
captured, 1
careless, 1
cares, 1
caring, 1
carpenter, 1
carpeted, 1
carries, 1
carve, 1
carved, 1
carves, 1
castles, 1
casual, 1
catches, 1
catching, 1
ceased, 1
cellophane-wrapped, 1
cent, 1
centered, 1
centrally, 1
chairs, 1
changing, 1
charged, 1
charity, 1
charter, 1
chat, 1
checked, 1
cheeks, 1
cheeses, 1
cherry, 1
chest, 1
chewed, 1
chided, 1
childrens, 1
chill, 1
chilly, 1
chopped, 1
choppy, 1
chrysanthemums, 1
chuckle, 1
chunk, 1
cinder, 1
circle, 1
clapped, 1
class, 1
clatter, 1
clattered, 1
clattering, 1
cleaning, 1
clearly, 1
clever, 1
clicking, 1
climax, 1
climb, 1
climbing, 1
clinging, 1
cloak, 1
clock, 1
closing, 1
cloth, 1
clothing, 1
cloud, 1
clouding, 1
clouds, 1
clover-shaped, 1
clucking, 1
clumsy, 1
clung, 1
clustered, 1
clutched, 1
clutching, 1
clutter, 1
cluttered, 1
coasted, 1
coldly, 1
collar, 1
collect, 1
collected, 1
collects, 1
colorful, 1
combinations, 1
combined, 1
comfortably, 1
common, 1
compare, 1
compared, 1
complain, 1
complaining, 1
complaint, 1
complaints, 1
completely, 1
computed, 1
concerned, 1
condition, 1
conducted, 1
confidently, 1
confinement, 1
connected, 1
consented, 1
consider, 1
constantly, 1
contain, 1
container, 1
containing, 1
contains, 1
contentedly, 1
continued, 1
contributing, 1
contributions, 1
controlled, 1
cook, 1
cool, 1
cooperate, 1
cooperated, 1
cooperating, 1
cordially, 1
corn, 1
corners, 1
counter, 1
cozy, 1
crackers, 1
crawled, 1
creak, 1
cream, 1
created, 1
crepe, 1
crept, 1
crimson, 1
crooked, 1
crossed, 1
crossing, 1
crowded, 1
crumpled, 1
crushed, 1
cuds, 1
cull, 1
cup, 1
cupboard, 1
cups, 1
curds, 1
curiosity, 1
curtains, 1
cut-out, 1
cute, 1
daily, 1
damaged, 1
damp, 1
dandy, 1
dare, 1
dark-colored, 1
dark-eyed, 1
darkblue, 1
darker, 1
darwin, 1
darwins, 1
dash, 1
dawned, 1
debris, 1
decides, 1
deciding, 1
declaring, 1
decoration, 1
decorations, 1
defended, 1
defense, 1
definite, 1
delay, 1
deliberately, 1
delicate, 1
delicately, 1
delight, 1
delightfully, 1
demanding, 1
demonstrated, 1
deny, 1
depart, 1
depot, 1
deprive, 1
derby, 1
desk, 1
despair, 1
destination, 1
destroying, 1
dial, 1
diamond, 1
dimes, 1
dirtier, 1
dirty, 1
disappeared, 1
disappearing, 1
disappointment, 1
disclosure, 1
discouraged, 1
discovering, 1
discovery, 1
discussing, 1
discussion, 1
disease, 1
dish, 1
dishonest, 1
dismayed, 1
disposed, 1
dissatisfied, 1
disturbed, 1
ditch, 1
dogwood, 1
dolls, 1
dolly-truck, 1
donate, 1
donned, 1
doorstep, 1
dope, 1
doubted, 1
downpour, 1
downstairs, 1
downtown, 1
dozens, 1
drainage, 1
dramatization, 1
drawing, 1
drawn, 1
dream, 1
dresses, 1
driven, 1
drivers, 1
drowsily, 1
drowsy, 1
drum, 1
dry, 1
dryly, 1
duck, 1
dump, 1
dumps, 1
dusk, 1
dusted, 1
dying, 1
dyou, 1
eagerness, 1
earn, 1
earnest, 1
earnestly, 1
ears, 1
eastern, 1
edged, 1
edges, 1
edging, 1
elderly, 1
elements, 1
ellekoek, 1
embarrassed, 1
emblem, 1
emphasis, 1
emptied, 1
ending, 1
endless, 1
ends, 1
england, 1
engrossed, 1
enterprise, 1
entrance, 1
equal, 1
escape, 1
escort, 1
escorted, 1
escorting, 1
established, 1
evening, 1
evenly, 1
everybody, 1
everyones, 1
everythings, 1
ewing, 1
exchanged, 1
exclaiming, 1
exclamation, 1
excuse, 1
excuses, 1
exit, 1
exotic, 1
expecting, 1
expense, 1
expensive, 1
experts, 1
explanation, 1
exploded, 1
explore, 1
expose, 1
expression, 1
extra, 1
eye, 1
eyeing, 1
faded, 1
failure, 1
faint, 1
fairy, 1
fallen, 1
familiar, 1
famous, 1
fan, 1
fan-shaped, 1
fantastic, 1
farmer, 1
farmhouse, 1
fascinating, 1
fashioned, 1
favorable, 1
favored, 1
favorite, 1
feared, 1
fearful, 1
fearfully, 1
feathers, 1
fee, 1
fell, 1
fidgety, 1
figure, 1
fill, 1
filtered, 1
financially, 1
finding, 1
finery, 1
finger, 1
fingering, 1
fire, 1
fireside, 1
firm, 1
firmness, 1
fistful, 1
fixing, 1
flags, 1
flame, 1
flame-red, 1
flash, 1
flashlight, 1
flat-bottomed, 1
flattened, 1
flattered, 1
flavor, 1
floats, 1
flooding, 1
florins, 1
flowering, 1
flushed, 1
foamy, 1
focused, 1
fond, 1
food, 1
foods, 1
footwalk, 1
forced, 1
forget-me-nots, 1
forgive, 1
formal, 1
formally, 1
formed, 1
fortunes, 1
forty, 1
founder, 1
fountains, 1
four-thirty, 1
fox, 1
fragrance, 1
framed, 1
frantic, 1
frederick, 1
friendship, 1
frieze, 1
frightening, 1
frightful, 1
fringed, 1
frogs, 1
frosting, 1
frown, 1
fumed, 1
funds, 1
funny, 1
fur, 1
furious, 1
furiously, 1
fussbudget, 1
fussy, 1
g, 1
gabled, 1
gaily, 1
game, 1
garageman, 1
gardeners, 1
gather, 1
gatherings, 1
gems, 1
geraniums, 1
german, 1
gesture, 1
gestures, 1
giant, 1
giddap, 1
gift, 1
gingerly, 1
glared, 1
glibly, 1
glimpse, 1
globe, 1
gloomily, 1
golden-hued, 1
goot, 1
grab, 1
grabbed, 1
graceful, 1
gracious, 1
grandly, 1
grasp, 1
grasping, 1
grassy, 1
grateful, 1
gratefully, 1
gravel, 1
greasy, 1
greece, 1
greenhouses, 1
greeted, 1
greeting, 1
grimace, 1
grimly, 1
groaned, 1
groped, 1
groupings, 1
growled, 1
grudgingly, 1
guessing, 1
guests, 1
guided, 1
guides, 1
guilt, 1
gust, 1
gutters, 1
h, 1
h-e-l-p, 1
hail, 1
hailed, 1
half-paneled, 1
half-way, 1
halfway, 1
halt, 1
handbag, 1
handed, 1
handled, 1
handshake, 1
handsome, 1
hang, 1
happens, 1
happiness, 1
harder, 1
harness, 1
harshly, 1
hateful, 1
hauls, 1
headed, 1
headgear, 1
heading, 1
heads, 1
hearted, 1
hearth, 1
heavier, 1
heaving, 1
hed, 1
heels, 1
heliotrope, 1
hell, 1
helpers, 1
helping, 1
helplessly, 1
helps, 1
helter-skelter, 1
herb, 1
hi, 1
hidden, 1
high-back, 1
hikes, 1
hill, 1
hills, 1
hilltop, 1
hinges, 1
hitched, 1
hoe, 1
holes, 1
hollow, 1
homemade, 1
honest, 1
honor, 1
hood, 1
hooked, 1
hopeful, 1
hopjes, 1
horn, 1
horticulturists, 1
hospitality, 1
hotel, 1
howard, 1
huddling, 1
hue, 1
hug, 1
hum-dinger, 1
humming, 1
humph, 1
hurled, 1
hurricane, 1
hushed, 1
hustled, 1
hybrids, 1
identify, 1
illuminated, 1
imp, 1
importing, 1
impossible, 1
improved, 1
improvements, 1
in-ves-ti-ture, 1
inadequate, 1
inch, 1
inches, 1
inclined, 1
include, 1
increasingly, 1
indicated, 1
indifferently, 1
indignant, 1
indoors, 1
indulgently, 1
industriously, 1
initiated, 1
innocently, 1
inserted, 1
insists, 1
insolent, 1
inspected, 1
instantly, 1
insult, 1
intending, 1
intends, 1
intercept, 1
interior, 1
interposed, 1
interrupt, 1
interrupted, 1
intersection, 1
introduced, 1
introducing, 1
invest, 1
investigation, 1
irate, 1
iron, 1
irrigate, 1
italy, 1
item, 1
items, 1
itself, 1
jab, 1
jailed, 1
jean, 1
jerky, 1
jersey, 1
jingling, 1
joined, 1
joked, 1
jolted, 1
jolting, 1
jostled, 1
joy, 1
jubilant, 1
judge, 1
juliana, 1
juliette, 1
jump, 1
jumping, 1
keys, 1
kiss, 1
kitten-fashion, 1
klompen, 1
knitting, 1
knot, 1
lace, 1
lacking, 1
ladys, 1
lamp, 1
lapsing, 1
larger, 1
lashing, 1
late-flowering, 1
latest, 1
lavender, 1
lazy, 1
lead, 1
leading, 1
leak, 1
leaks, 1
leaned, 1
leaning, 1
leaping, 1
learning, 1
leather, 1
lemon, 1
lesson, 1
letting, 1
levers, 1
lid, 1
life-like, 1
lifetime, 1
lifting, 1
lighted, 1
lightly, 1
lights, 1
likely, 1
lilies, 1
limit, 1
lips, 1
liquid, 1
lives, 1
loaded, 1
located, 1
lock, 1
locking, 1
lodged, 1
lolly-pop, 1
lonesome, 1
loose, 1
loudly, 1
loved, 1
lovers, 1
low-bent, 1
lower, 1
lowered, 1
lowlands, 1
lucky, 1
luncheon, 1
lunches, 1
m-m, 1
maam, 1
maastegles, 1
magnet, 1
maids, 1
maintained, 1
maiolica, 1
maker, 1
mammoth, 1
manager, 1
manger, 1
mantel, 1
map, 1
march, 1
marigolds, 1
market, 1
markets, 1
massive, 1
mate, 1
materials, 1
matters, 1
meanest, 1
meanie, 1
measured, 1
measurements, 1
meets, 1
member, 1
mentioning, 1
merchants, 1
merrily, 1
merriment, 1
methods, 1
middle, 1
middle-aged, 1
midst, 1
midway, 1
mighty, 1
mignonette, 1
mile, 1
mint, 1
minus, 1
miraculous, 1
mischief, 1
misunderstanding, 1
mix, 1
mix-up, 1
moan, 1
mohrs, 1
molds, 1
moody, 1
moon, 1
mooring, 1
motionless, 1
motor, 1
motors, 1
mound, 1
movies, 1
moving, 1
mowers, 1
muddy, 1
mulling, 1
mumbled, 1
murmuring, 1
music, 1
mussed, 1
mystified, 1
naturally, 1
navy-blue, 1
needles, 1
neglected, 1
nerve, 1
newspaper, 1
nibbled, 1
nine, 1
noise, 1
noises, 1
noisily, 1
non-commercial, 1
noon, 1
normally, 1
nose, 1
nosegay, 1
note, 1
noted, 1
notes, 1
number, 1
numbers, 1
nurserymans, 1
o-oh, 1
oak, 1
obey, 1
obeyed, 1
object, 1
observation, 1
observe, 1
occupied, 1
oceans, 1
odor, 1
offense, 1
offering, 1
offers, 1
officer, 1
old-fashioned, 1
omit, 1
operating, 1
orange, 1
orange-colored, 1
orchids, 1
ordinary, 1
organist, 1
orphanage, 1
otherwise, 1
outdoor, 1
outdoors, 1
outer, 1
outing, 1
outlining, 1
oven, 1
over-rated, 1
overcast, 1
overheard, 1
overlooking, 1
overtaking, 1
overtook, 1
overturned, 1
owes, 1
owlish, 1
padlocked, 1
page, 1
paint, 1
painter, 1
papers, 1
parents, 1
parked, 1
parlor, 1
parted, 1
participate, 1
parts, 1
passenger, 1
paula, 1
peek, 1
peeled, 1
peep, 1
peer, 1
pendant, 1
pendants, 1
peppermint, 1
permit, 1
perplexity, 1
persisted, 1
personally, 1
persuasive, 1
pestering, 1
petted, 1
picket, 1
picture, 1
pie, 1
piers, 1
pigtails, 1
pile, 1
pin-checked, 1
pinning, 1
pipes, 1
pit, 1
pitched, 1
placard, 1
places, 1
planking, 1
planks, 1
planning, 1
plastering, 1
platform, 1
playing, 1
pleasant, 1
plied, 1
plunder, 1
pocketed, 1
pockets, 1
poke, 1
poking, 1
pole, 1
policemen, 1
polished, 1
pooh, 1
poor, 1
population, 1
portion, 1
possessed, 1
post, 1
posts, 1
pots, 1
poulakia, 1
power, 1
powerful, 1
powerfully-built, 1
praise, 1
preciate, 1
prediction, 1
preliminary, 1
premises, 1
prepare, 1
present, 1
press, 1
pressing, 1
pretended, 1
previous, 1
priceless, 1
printing, 1
private, 1
produce, 1
produced, 1
professional, 1
profit, 1
profited, 1
program, 1
progressed, 1
promises, 1
promotor, 1
propelled, 1
proposal, 1
proud, 1
prove, 1
proved, 1
provides, 1
publicity, 1
puckered, 1
pumps, 1
punish, 1
purse, 1
pursued, 1
puts, 1
puttering, 1
quarter, 1
quarters, 1
queer, 1
queer-shaped, 1
quit, 1
quits, 1
rack, 1
ragged, 1
raincoat, 1
raincoats, 1
raindrops, 1
rains, 1
raise, 1
raisers, 1
rapt, 1
rare, 1
rattling, 1
realize, 1
rear, 1
reassure, 1
recall, 1
recalled, 1
received, 1
receives, 1
recent, 1
recently, 1
recognize, 1
recognized, 1
reconsider, 1
recrossing, 1
reflected, 1
reflections, 1
reflectively, 1
refrigerators, 1
refusal, 1
refusing, 1
regretfully, 1
regretting, 1
rejoin, 1
relaxation, 1
released, 1
remain, 1
remainder, 1
remaining, 1
remark, 1
rembrandts, 1
remembered, 1
remembering, 1
remembers, 1
remind, 1
reminding, 1
reminds, 1
remove, 1
rennet, 1
repair, 1
repaired, 1
repeat, 1
replace, 1
reply, 1
report, 1
represent, 1
reprimanded, 1
reproved, 1
requested, 1
required, 1
resentfully, 1
restored, 1
retorted, 1
reveal, 1
revived, 1
reviving, 1
revolved, 1
ribs, 1
rid, 1
rides, 1
ridiculous, 1
right-hand, 1
ripen, 1
ripped, 1
risk, 1
rival, 1
river, 1
robert, 1
rock, 1
role, 1
roots, 1
roped-off, 1
rose, 1
rose-hued, 1
rosedales, 1
rosy-red, 1
rot, 1
rough, 1
rove, 1
roving, 1
row, 1
rubbing, 1
ruddy, 1
ruffled, 1
ruins, 1
rumble, 1
rumors, 1
s, 1
safely, 1
sail, 1
sailcloth, 1
sailed, 1
sales, 1
salted, 1
salute, 1
saluted, 1
sandy, 1
sapped, 1
satin, 1
satisfy, 1
sauntered, 1
saved, 1
scads, 1
scampering, 1
scared, 1
scarlet, 1
scenery, 1
scheduled, 1
scissors, 1
scolding, 1
scoops, 1
scowled, 1
scrapbooks, 1
screech, 1
screened, 1
searched, 1
seashore, 1
seating, 1
seats, 1
seemingly, 1
seeping, 1
sees, 1
seizing, 1
select, 1
selected, 1
selecting, 1
sells, 1
sending, 1
sense, 1
sensed, 1
senses, 1
series, 1
servants, 1
served, 1
service, 1
services, 1
settled, 1
shack, 1
shadows, 1
shaking, 1
shape, 1
share, 1
sharper, 1
shelter, 1
shift, 1
shifting, 1
ship, 1
shipments, 1
shores, 1
shorter, 1
shouting, 1
shove, 1
shoving, 1
showiest, 1
shows, 1
showy, 1
shreds, 1
shrewdly, 1
shrill, 1
shrouded, 1
shrug, 1
shutting, 1
siding, 1
sigh, 1
signaled, 1
silent, 1
silk, 1
simple, 1
siren, 1
sitting, 1
sixty-eight, 1
skill, 1
skim, 1
skimmed, 1
skipped, 1
skipping, 1
skirtful, 1
skylight, 1
sled, 1
sleepy, 1
sleeve, 1
sleeves, 1
slept, 1
slide, 1
slipping, 1
slogan, 1
sloped, 1
sloppy, 1
slowed, 1
sluggish, 1
smarted, 1
smash, 1
smashed, 1
smiles, 1
smother, 1
smudged, 1
smuggle, 1
smuggled, 1
smugglers, 1
snack, 1
snap, 1
sniff, 1
sniffed, 1
snoop, 1
snoops, 1
snow, 1
snug, 1
snuggled, 1
soaked, 1
sobbing, 1
sobs, 1
social, 1
society, 1
solemn, 1
solids, 1
somehow, 1
somewhat, 1
sorted, 1
sox, 1
space, 1
spaced, 1
spaces, 1
span, 1
spattered, 1
speakers, 1
specimen, 1
specimens, 1
speck, 1
speckled, 1
speculatively, 1
spelled, 1
spelling, 1
spend, 1
spent, 1
spic, 1
splash, 1
splashing, 1
splattered, 1
splendid, 1
spoiled, 1
spotlessly, 1
spread, 1
spreading, 1
sprout, 1
spun, 1
square, 1
squawks, 1
squealed, 1
squeezing, 1
squirm, 1
squirming, 1
stairs, 1
stalls, 1
stammered, 1
standstill, 1
stared, 1
staring, 1
startling, 1
stately, 1
stationary, 1
steadied, 1
steadily, 1
steal, 1
stealing, 1
stew, 1
sticking, 1
sticks, 1
stirred, 1
stomach, 1
stomped, 1
stops, 1
storehouse, 1
storeroom, 1
stores, 1
stories, 1
storm, 1
stoves, 1
straighten, 1
straightening, 1
straining, 1
strains, 1
stream, 1
streamed, 1
streets, 1
strength, 1
stretch, 1
stretched, 1
strict, 1
strike, 1
striking, 1
strings, 1
structure, 1
stubbornly, 1
stuff, 1
stuffed, 1
stumbling, 1
stupe, 1
subject, 1
succeeded, 1
sudden, 1
suggestion, 1
suikers, 1
sum, 1
sums, 1
sunbeams, 1
sunburned, 1
sunlight, 1
sunnys, 1
sunshine, 1
super, 1
superior, 1
supper, 1
supplied, 1
supporting, 1
surely, 1
surrounded, 1
suspected, 1
suspense, 1
suspicions, 1
swam, 1
sweater, 1
sweep, 1
swiftly, 1
swim, 1
tables, 1
tack, 1
tactics, 1
tale, 1
tampering, 1
tank, 1
tanned, 1
tapped, 1
task, 1
tea, 1
teachers, 1
telephone, 1
television, 1
temperature, 1
temperatures, 1
tense, 1
tensely, 1
terribly, 1
theater, 1
theirs, 1
theyd, 1
thief, 1
thin, 1
thinker, 1
third, 1
thirty, 1
thoughtful, 1
thoughtfully, 1
thousands, 1
three-day, 1
threw, 1
thrilling, 1
throat, 1
throughout, 1
thus, 1
tie, 1
tightly, 1
tightwad, 1
tile, 1
tiles, 1
tingled, 1
tipping, 1
tirade, 1
tires, 1
toe, 1
toes, 1
toilet, 1
token, 1
tone, 1
tongue, 1
tool, 1
toot-toot, 1
tooted, 1
top, 1
toppled, 1
torrents, 1
tossing, 1
tour, 1
tow, 1
tower-like, 1
traced, 1
traded, 1
traffic, 1
tramp, 1
trash, 1
treasures, 1
tree, 1
tricks, 1
tries, 1
trifle, 1
trimmed, 1
trio, 1
tripped, 1
triumphantly, 1
tropical, 1
trotting, 1
truly, 1
trust, 1
truth, 1
tubers, 1
tucked, 1
tugged, 1
tumbled, 1
tumbling, 1
twenty-five, 1
twister, 1
twisting, 1
two-thirds, 1
unaware, 1
uncomfortably, 1
underneath, 1
understood, 1
uneasy, 1
uneven, 1
unexpected, 1
unexpectedly, 1
unfamiliar, 1
unfastened, 1
unfortunately, 1
unhitched, 1
union, 1
unique, 1
unison, 1
unknowingly, 1
unpinned, 1
unpleasantly, 1
untying, 1
unusual, 1
unwillingness, 1
upset, 1
upside, 1
upstairs, 1
urging, 1
useful, 1
usher, 1
usually, 1
valley, 1
valued, 1
variegated, 1
veil, 1
verbena, 1
verge, 1
verse, 1
viewing, 1
village, 1
viruses, 1
vital, 1
voiced, 1
voices, 1
wade, 1
wailed, 1
waist, 1
walks, 1
wanting, 1
war, 1
warrant, 1
wash, 1
washed, 1
washers, 1
washing, 1
wasteful, 1
water-logged, 1
watercourse, 1
waterlogged, 1
waves, 1
wearied, 1
wearily, 1
wears, 1
weather, 1
weekend, 1
weeping, 1
well-dressed, 1
well-kept, 1
well-pulverized, 1
well-shaped, 1
werent, 1
what-you-call, 1
whatsoever, 1
wheedling, 1
whenever, 1
whered, 1
whimpered, 1
whining, 1
whipped, 1
whirl, 1
whitewashed, 1
whittle, 1
who-oo, 1
whoa, 1
whoever, 1
whole, 1
whom, 1
whood, 1
whoops, 1
wicked, 1
wide, 1
wild, 1
wildly, 1
willing, 1
willows, 1
wilt, 1
wilted, 1
wilting, 1
windmills, 1
windshield, 1
windy, 1
winked, 1
winner, 1
winning, 1
winter, 1
wiping, 1
wire, 1
wires, 1
wise, 1
wished, 1
wishing, 1
wobbles, 1
woke, 1
wondered, 1
woods, 1
workable, 1
worker, 1
worrying, 1
worst, 1
wound, 1
wrap, 1
wrenched, 1
wristwatch, 1
wryly, 1
yards, 1
yellows, 1
york, 1
youngsters, 1
